{
    "observation.state": {
        "min": [
            -71.95604705810547,
            -100.70330047607422,
            -82.989013671875,
            -94.19779968261719,
            -70.9011001586914,
            1.8181818723678589
        ],
        "max": [
            85.31867980957031,
            87.86813354492188,
            98.54945373535156,
            95.42857360839844,
            162.59339904785156,
            97.4921646118164
        ],
        "mean": [
            -27.53424731814748,
            -28.396433779983802,
            36.15915876409085,
            45.09058490597014,
            17.36876118583087,
            15.763080209568258
        ],
        "std": [
            28.17053457269035,
            53.882545704574,
            60.28669867519621,
            54.651267182783215,
            54.70471034060842,
            29.909373321270845
        ],
        "count": [
            7988
        ],
        "q01": [
            -52.23336985087646,
            -99.59047373402291,
            -19.870714443923973,
            -34.83201309933433,
            -35.00965867089223,
            2.5187471727150963
        ],
        "q10": [
            -44.6702881100902,
            -92.40542309406958,
            -6.402414044857523,
            -10.82973561280767,
            -25.635955791966985,
            2.66619958071214
        ],
        "q50": [
            -32.10229798805269,
            -21.889034267501042,
            29.69385767885992,
            53.92179877652327,
            13.43835836028522,
            3.3169328728552765
        ],
        "q90": [
            0.1435676170300047,
            22.69191906465775,
            92.18290706839615,
            89.32466846646636,
            63.0793895581227,
            62.345558672138864
        ],
        "q99": [
            21.988330854305154,
            32.224396993388446,
            97.45403913920856,
            93.73700906635433,
            82.80170232844833,
            68.0451972396286
        ]
    },
    "observation.images.wrist": {
        "min": [
            [
                [
                    0.0
                ]
            ],
            [
                [
                    0.0
                ]
            ],
            [
                [
                    0.0
                ]
            ]
        ],
        "max": [
            [
                [
                    1.0
                ]
            ],
            [
                [
                    1.0
                ]
            ],
            [
                [
                    1.0
                ]
            ]
        ],
        "mean": [
            [
                [
                    0.5086319343701009
                ]
            ],
            [
                [
                    0.5342625188037361
                ]
            ],
            [
                [
                    0.5115834140559292
                ]
            ]
        ],
        "std": [
            [
                [
                    0.020012693546807653
                ]
            ],
            [
                [
                    0.015778260756040847
                ]
            ],
            [
                [
                    0.009587872584912659
                ]
            ]
        ],
        "count": [
            153369600
        ],
        "q01": [
            [
                [
                    0.02581850281974112
                ]
            ],
            [
                [
                    0.0572069141021636
                ]
            ],
            [
                [
                    0.026313577613401223
                ]
            ]
        ],
        "q10": [
            [
                [
                    0.15511605342826945
                ]
            ],
            [
                [
                    0.21279781873074252
                ]
            ],
            [
                [
                    0.19707897798438997
                ]
            ]
        ],
        "q50": [
            [
                [
                    0.5802264767331347
                ]
            ],
            [
                [
                    0.5949053481416571
                ]
            ],
            [
                [
                    0.572705367776087
                ]
            ]
        ],
        "q90": [
            [
                [
                    0.6571003154988778
                ]
            ],
            [
                [
                    0.6797213816674353
                ]
            ],
            [
                [
                    0.6547980654302165
                ]
            ]
        ],
        "q99": [
            [
                [
                    0.7805921866234334
                ]
            ],
            [
                [
                    0.8137459000283016
                ]
            ],
            [
                [
                    0.7961895774462185
                ]
            ]
        ]
    },
    "index": {
        "min": [
            0
        ],
        "max": [
            7987
        ],
        "mean": [
            3993.5
        ],
        "std": [
            2305.936957074065
        ],
        "count": [
            7988
        ],
        "q01": [
            3334.1563858717095
        ],
        "q10": [
            3455.3172156934597
        ],
        "q50": [
            3993.5144387080622
        ],
        "q90": [
            4531.6703907161545
        ],
        "q99": [
            4652.831216713168
        ]
    },
    "timestamp": {
        "min": [
            0.0
        ],
        "max": [
            69.2
        ],
        "mean": [
            22.410044233016198
        ],
        "std": [
            17.24489248834447
        ],
        "count": [
            7988
        ],
        "q01": [
            0.4319237619783323
        ],
        "q10": [
            4.470618089387442
        ],
        "q50": [
            22.410525523284896
        ],
        "q90": [
            40.3490572569654
        ],
        "q99": [
            44.387751456883265
        ]
    },
    "task_index": {
        "min": [
            0
        ],
        "max": [
            1
        ],
        "mean": [
            0.7228342513770656
        ],
        "std": [
            0.4475990353131056
        ],
        "count": [
            7988
        ],
        "q01": [
            0.7228342513770658
        ],
        "q10": [
            0.7228342513770697
        ],
        "q50": [
            0.7228342513770856
        ],
        "q90": [
            0.7228342513771017
        ],
        "q99": [
            0.7228342513771051
        ]
    },
    "action": {
        "min": [
            -74.29068756103516,
            -100.00004577636719,
            -96.82986450195312,
            -94.99983978271484,
            -79.99168395996094,
            0.0
        ],
        "max": [
            88.5611572265625,
            92.71469116210938,
            96.82986450195312,
            94.99983978271484,
            162.78933715820312,
            100.0
        ],
        "mean": [
            -27.641028387760244,
            -30.222870410115465,
            33.21342793260745,
            44.40015149032944,
            17.462110975830925,
            15.761576551464598
        ],
        "std": [
            28.26002150394749,
            52.20596297476388,
            61.01203706144335,
            55.468366831990714,
            55.013770208143846,
            30.769930080601263
        ],
        "count": [
            7988
        ],
        "q01": [
            -52.76634958798729,
            -99.83527508460108,
            -25.23716743555676,
            -36.192268330484964,
            -35.095871077435106,
            0.9919816815408331
        ],